PR,URL,Content type,No. of all inlinks,First found at
7,https://www.styly.fr/en/blog/ai-assistant-interior-design-chatgpt-prompts/,text/html,1,https://www.styly.fr/en/blog/ai-assistant-interior-design-chatgpt-prompts
7,https://www.styly.fr/en/blog/can-chatgpt-design-your-home-ai-interior-design/,text/html,1,https://www.styly.fr/en/blog/can-chatgpt-design-your-home-ai-interior-design
7,https://www.styly.fr/en/blog/designing-ai-interior-staging-aws-styly/,text/html,1,https://www.styly.fr/en/blog/designing-ai-interior-staging-aws-styly
7,https://www.styly.fr/services-api/,text/html,1,https://www.styly.fr/services-api
7,https://www.styly.fr/en/get-started/,text/html,1,https://www.styly.fr/en/get-started
7,https://www.styly.fr/en/upload/,text/html,1,https://www.styly.fr/en/upload
7,https://www.styly.fr/styly-pro/,text/html,1,https://www.styly.fr/styly-pro
7,https://www.styly.fr/en/blog/how-real-estate-agents-are-boosting-sales-with-ai-powered-virtual-staging-the-2025-market-reality/,text/html,1,https://www.styly.fr/en/blog/how-real-estate-agents-are-boosting-sales-with-ai-powered-virtual-staging-the-2025-market-reality
7,https://www.styly.fr/en/conditions/,text/html,1,https://www.styly.fr/en/conditions
7,https://www.styly.fr/blog/comment-construire-maison-outils-ia-design-porche/,text/html,1,https://www.styly.fr/blog/comment-construire-maison-outils-ia-design-porche
7,https://www.styly.fr/blog/,text/html,1,https://www.styly.fr/blog
7,https://www.styly.fr/en/services-api/,text/html,1,https://www.styly.fr/en/services-api
7,https://www.styly.fr/pricing/,text/html,1,https://www.styly.fr/pricing
7,https://www.styly.fr/en/blog/the-ultimate-guide-to-ai-interior-design-tools-in-2025/,text/html,1,https://www.styly.fr/en/blog/the-ultimate-guide-to-ai-interior-design-tools-in-2025
7,https://www.styly.fr/en/blog/gen-z-s-ultimate-guide-to-instagram-worthy-interiors/,text/html,1,https://www.styly.fr/en/blog/gen-z-s-ultimate-guide-to-instagram-worthy-interiors
7,https://www.styly.fr/confidentialite/,text/html,1,https://www.styly.fr/confidentialite
7,https://www.styly.fr/blog/guide-ultime-generation-z-interieurs-dignes-instagram/,text/html,1,https://www.styly.fr/blog/guide-ultime-generation-z-interieurs-dignes-instagram
7,https://www.styly.fr/en/blog/styly-viva-technology-future-ai-design/,text/html,1,https://www.styly.fr/en/blog/styly-viva-technology-future-ai-design
7,https://www.styly.fr/en/blog/,text/html,1,https://www.styly.fr/en/blog
7,https://www.styly.fr/blog/chatgpt-peut-il-concevoir-votre-maison-ia-design-interieur/,text/html,1,https://www.styly.fr/blog/chatgpt-peut-il-concevoir-votre-maison-ia-design-interieur
7,https://www.styly.fr/upload/,text/html,1,https://www.styly.fr/upload
7,https://www.styly.fr/en/video/,text/html,1,https://www.styly.fr/en/video
7,https://www.styly.fr/conditions/,text/html,1,https://www.styly.fr/conditions
7,https://www.styly.fr/en/pricing/,text/html,1,https://www.styly.fr/en/pricing
7,https://www.styly.fr/blog/comment-agents-immobiliers-augmentent-ventes-staging-virtuel-ia-2025/,text/html,1,https://www.styly.fr/blog/comment-agents-immobiliers-augmentent-ventes-staging-virtuel-ia-2025
7,https://www.styly.fr/blog/concevoir-mise-en-scene-interieure-ia-aws-styly/,text/html,1,https://www.styly.fr/blog/concevoir-mise-en-scene-interieure-ia-aws-styly
7,https://www.styly.fr/blog/guide-ultime-outils-design-interieur-ia-2025/,text/html,1,https://www.styly.fr/blog/guide-ultime-outils-design-interieur-ia-2025
7,https://www.styly.fr/en/collaborateurs/,text/html,1,https://www.styly.fr/en/collaborateurs
7,https://www.styly.fr/get-started/,text/html,1,https://www.styly.fr/get-started
7,https://www.styly.fr/video/,text/html,1,https://www.styly.fr/video
7,https://www.styly.fr/collaborateurs/,text/html,1,https://www.styly.fr/collaborateurs
7,https://www.styly.fr/blog/assistant-ia-design-interieur-prompts-chatgpt/,text/html,1,https://www.styly.fr/blog/assistant-ia-design-interieur-prompts-chatgpt
7,https://www.styly.fr/blog/styly-viva-technology-avenir-design-ia/,text/html,1,https://www.styly.fr/blog/styly-viva-technology-avenir-design-ia
7,https://www.styly.fr/en/,text/html,1,https://www.styly.fr/en
7,https://www.styly.fr/en/blog/how-generative-ai-revolutionizing-interior-design/,text/html,1,https://www.styly.fr/en/blog/how-generative-ai-revolutionizing-interior-design
7,https://www.styly.fr/en/blog/how-to-build-your-own-house-with-ai-tools-including-porch-design/,text/html,1,https://www.styly.fr/en/blog/how-to-build-your-own-house-with-ai-tools-including-porch-design
7,https://www.styly.fr/en/confidentialite/,text/html,1,https://www.styly.fr/en/confidentialite
7,https://www.styly.fr/blog/comment-ia-generative-revolutionne-design-interieur/,text/html,1,https://www.styly.fr/blog/comment-ia-generative-revolutionne-design-interieur
7,https://www.styly.fr/en/styly-pro/,text/html,1,https://www.styly.fr/en/styly-pro