PR,URL,Title,HTTP status code,Depth,Is indexable page,No. of all inlinks,First found at
10,https://www.styly.fr/en/blog/ai-assistant-interior-design-chatgpt-prompts/,,404,2,FALSE,1,https://www.styly.fr/en/blog/ai-assistant-interior-design-chatgpt-prompts
10,https://www.styly.fr/blog/10-conseils-experts-economiser-decoration-interieure-2025/,,404,1,FALSE,1,https://www.styly.fr/blog/10-conseils-experts-economiser-decoration-interieure-2025
10,https://www.styly.fr/en/blog/can-chatgpt-design-your-home-ai-interior-design/,,404,2,FALSE,1,https://www.styly.fr/en/blog/can-chatgpt-design-your-home-ai-interior-design
10,https://www.styly.fr/en/blog/2025-interior-design-trends/,,404,2,FALSE,1,https://www.styly.fr/en/blog/2025-interior-design-trends
10,https://www.styly.fr/en/blog/impact-ai-role-interior-designer/,,404,2,FALSE,1,https://www.styly.fr/en/blog/impact-ai-role-interior-designer
10,https://www.styly.fr/en/blog/designing-ai-interior-staging-aws-styly/,,404,2,FALSE,1,https://www.styly.fr/en/blog/designing-ai-interior-staging-aws-styly
10,https://www.styly.fr/services-api/,,404,1,FALSE,1,https://www.styly.fr/services-api
10,https://www.styly.fr/en/get-started/,,404,2,FALSE,1,https://www.styly.fr/en/get-started
10,https://www.styly.fr/en/upload/,,404,2,FALSE,1,https://www.styly.fr/en/upload
10,https://www.styly.fr/blog/logiciel-gratuit-design-interieur-ia/,,404,1,FALSE,1,https://www.styly.fr/blog/logiciel-gratuit-design-interieur-ia
10,https://www.styly.fr/styly-pro/,,404,1,FALSE,1,https://www.styly.fr/styly-pro
10,https://www.styly.fr/blog/,,404,1,FALSE,1,https://www.styly.fr/blog
10,https://www.styly.fr/en/terms/,,404,2,FALSE,1,https://www.styly.fr/en/terms
10,https://www.styly.fr/en/blog/intersection-ai-virtual-reality-design/,,404,2,FALSE,1,https://www.styly.fr/en/blog/intersection-ai-virtual-reality-design
10,https://www.styly.fr/en/services-api/,,404,2,FALSE,1,https://www.styly.fr/en/services-api
10,https://www.styly.fr/en/blog/sustainable-design-ai-eco-friendly-spaces/,,404,2,FALSE,1,https://www.styly.fr/en/blog/sustainable-design-ai-eco-friendly-spaces
10,https://www.styly.fr/blog/design-durabilite-ia-espaces-eco-responsables/,,404,1,FALSE,1,https://www.styly.fr/blog/design-durabilite-ia-espaces-eco-responsables
10,https://www.styly.fr/pricing/,,404,1,FALSE,1,https://www.styly.fr/pricing
10,https://www.styly.fr/blog/tendances-design-interieur-2025/,,404,1,FALSE,1,https://www.styly.fr/blog/tendances-design-interieur-2025
10,https://www.styly.fr/confidentialite/,,404,1,FALSE,1,https://www.styly.fr/confidentialite
10,https://www.styly.fr/blog/role-donnees-design-alimente-ia/,,404,1,FALSE,1,https://www.styly.fr/blog/role-donnees-design-alimente-ia
10,https://www.styly.fr/en/blog/free-ai-interior-design-software/,,404,2,FALSE,1,https://www.styly.fr/en/blog/free-ai-interior-design-software
10,https://www.styly.fr/en/blog/styly-viva-technology-future-ai-design/,,404,2,FALSE,1,https://www.styly.fr/en/blog/styly-viva-technology-future-ai-design
10,https://www.styly.fr/en/blog/,,404,2,FALSE,1,https://www.styly.fr/en/blog
10,https://www.styly.fr/blog/chatgpt-peut-il-concevoir-votre-maison-ia-design-interieur/,,404,1,FALSE,1,https://www.styly.fr/blog/chatgpt-peut-il-concevoir-votre-maison-ia-design-interieur
10,https://www.styly.fr/upload/,,404,1,FALSE,1,https://www.styly.fr/upload
10,https://www.styly.fr/en/privacy/,,404,2,FALSE,1,https://www.styly.fr/en/privacy
10,https://www.styly.fr/conditions/,,404,1,FALSE,1,https://www.styly.fr/conditions
10,https://www.styly.fr/en/pricing/,,404,2,FALSE,1,https://www.styly.fr/en/pricing
10,https://www.styly.fr/en/blog/modern-family-design-ai-functional-homes/,,404,2,FALSE,1,https://www.styly.fr/en/blog/modern-family-design-ai-functional-homes
10,https://www.styly.fr/blog/concevoir-mise-en-scene-interieure-ia-aws-styly/,,404,1,FALSE,1,https://www.styly.fr/blog/concevoir-mise-en-scene-interieure-ia-aws-styly
10,https://www.styly.fr/blog/6-prompts-viraux-design-chambre-ia-styly/,,404,1,FALSE,1,https://www.styly.fr/blog/6-prompts-viraux-design-chambre-ia-styly
10,https://www.styly.fr/en/blog/10-expert-tips-save-big-home-interiors-2025/,,404,2,FALSE,1,https://www.styly.fr/en/blog/10-expert-tips-save-big-home-interiors-2025
10,https://www.styly.fr/en/blog/6-viral-ai-room-design-prompts-create-dream-bedroom-styly/,,404,2,FALSE,1,https://www.styly.fr/en/blog/6-viral-ai-room-design-prompts-create-dream-bedroom-styly
10,https://www.styly.fr/blog/ia-design-accessible-espaces-inclusifs/,,404,1,FALSE,1,https://www.styly.fr/blog/ia-design-accessible-espaces-inclusifs
10,https://www.styly.fr/en/blog/ai-accessible-design-inclusive-spaces/,,404,2,FALSE,1,https://www.styly.fr/en/blog/ai-accessible-design-inclusive-spaces
10,https://www.styly.fr/blog/impact-ia-role-designer-interieur/,,404,1,FALSE,1,https://www.styly.fr/blog/impact-ia-role-designer-interieur
10,https://www.styly.fr/get-started/,,404,1,FALSE,1,https://www.styly.fr/get-started
10,https://www.styly.fr/terms/,,404,2,FALSE,1,https://www.styly.fr/terms
10,https://www.styly.fr/blog/intersection-ia-realite-virtuelle-design/,,404,1,FALSE,1,https://www.styly.fr/blog/intersection-ia-realite-virtuelle-design
10,https://www.styly.fr/blog/assistant-ia-design-interieur-prompts-chatgpt/,,404,1,FALSE,1,https://www.styly.fr/blog/assistant-ia-design-interieur-prompts-chatgpt
10,https://www.styly.fr/blog/styly-viva-technology-avenir-design-ia/,,404,1,FALSE,1,https://www.styly.fr/blog/styly-viva-technology-avenir-design-ia
10,https://www.styly.fr/en/blog/how-generative-ai-revolutionizing-interior-design/,,404,2,FALSE,1,https://www.styly.fr/en/blog/how-generative-ai-revolutionizing-interior-design
10,https://www.styly.fr/privacy/,,404,2,FALSE,1,https://www.styly.fr/privacy
10,https://www.styly.fr/en/blog/role-data-ai-powered-design/,,404,2,FALSE,1,https://www.styly.fr/en/blog/role-data-ai-powered-design
10,https://www.styly.fr/blog/design-famille-moderne-ia-maisons-fonctionnelles/,,404,1,FALSE,1,https://www.styly.fr/blog/design-famille-moderne-ia-maisons-fonctionnelles
10,https://www.styly.fr/blog/comment-ia-generative-revolutionne-design-interieur/,,404,1,FALSE,1,https://www.styly.fr/blog/comment-ia-generative-revolutionne-design-interieur
10,https://www.styly.fr/en/styly-pro/,,404,2,FALSE,1,https://www.styly.fr/en/styly-pro